Marque	Modèle	Qté	Type	Lien prix	Prix Achat Unitaire	Prix Total	Lien	Concurrent 1	Jour	Semaine	Mois	Garantie	Concurrent 2	Jour	Semaine	Mois	Garantie
ARROW	T50	1.0	AGRAFEUSE	Lien prix	59.0		https://arrowfastener.com/tool/t50/	https://www.abloc.be/produit/agrafeuse-manuelle/	5.0	20.0	/	50.0	https://pro-loc.be/construction-renovation/327-agrafeuse-mauelle.html	5.0	20.0	/	50.0
EDMA	TOP GRAFER 20/22 AGRAFEUSE	1.0	AGRAFEUSE	Lien prix	32.0		https://www.edma.fr/fr/paysagiste/3728-top-grafer-20-22-agrafeuse-manuelle--grillage-avec-chargeur-3476060004116.html	/									
PREBENA	PRP ES40	1.0	AGRAFEUSE	Lien prix	139.0		https://www.prebenauk.co.uk/index.php?route=product/product&product_id=194	/	12.0		4.0	100.0	https://www.abloc.be/produit/agrafeuse-pneumatique/	20.0	80.0	/	100.0
FLEX	VC21L MC	1.0	ASPIRATEUR	Lien prix	235.0		https://www.flex-tools.com/fr-be/produits/aspirateurs-et-epurateurs-d-air/aspirateurs-de-securite/vc-21-l-mc	/	35.0	96.0	240.0	200.0					
MAKITA	VC3011L	1.0	ASPIRATEUR	Lien prix	219.0		https://www.makita.be/produit/vc3011l.html	/	15.0	12.0		40.0					
METABO	ASR 35 L ACP	1.0	ASPIRATEUR	Lien prix	819.0		https://www.metabo.com/be/fr/machines/aspiration/aspirateur-tous-usages/asr-35-l-acp-602057000-aspirateur-tous-usages.html?listtype=search&searchparam=ASR%2B35%2BL%2BACP	/	26.0	78.0	195.0	200.0					
NILFISK	ATTIX 9	1.0	ASPIRATEUR	Lien prix	1900.0		https://topnet-dz.com/produit/nilfisk-attix-961-01/	/	71.0	213.0							
SPIT	AC 1630P	1.0	ASPIRATEUR	Lien prix	890.0		https://www.spitpaslode.be/fr/Outils-diamant-et-aspirateurs/Aspirateurs/AC-1630P_pBX_87904sharp0.htm	/	25.0	150.0	255.0	200.0					
BRICOLOC	AUGE A MORTIER GRUE 200L	1.0	AUGUE A MORTIER	Lien prix	140.0		https://www.logemat.be/auge-a-mortier-rectangulaire-jaune-200-l-gs-tuv-700-kg-wa-816001?	/									
RUBI	RUBICLEAN TRIPLE	2.0	BAC NETTOYAGE	Lien prix	59.0		https://www.rubi.com/fr/bac-rubiclean-triple-superpro-r530	/									
HIKOKI	H45MEY	1.0	BURINEUR	Lien prix	589.0		https://fr.hikoki-powertools.be/machines/outillage-electriques/marteaux/h45meywtz/	https://www.loxam.be/fr/p/marteau-piqueur-electrique-6kg/002-0007-011526	82.0	120.0	525.0						
MAKITA	HM1214C	1.0	BURINEUR	Lien prix	690.0		https://www.makita.be/produit/hm1214c.html	/									
MAKITA	HR3200C	1.0	BURINEUR	Lien prix	559.0		https://www.makita.be/produit/hr3200c.html	https://www.rentiteasy.be/fr/location/construction-et-amenagementoutil/marteau-piqueur-brise-beton/marteau-burineur-perforateur	35.0	140.0	350.0						
RIGID	MICRO CA_100	1.0	CAMERA INSPECTION	Lien prix	315.0		https://www.ridgid.eu/fr/fr/camera-d-inspection-micro-ca150	/									
MAKITA	DBM131	1.0	CAROTTEUSE DIAMANT	Lien prix	785.0		https://www.makita.be/produit/dbm131.html	http://www.dh-location.be/produit/carotteuse/	50.0	200.0	600.0						
REMS	POWER PRESS SE BASIC	1.0	CERTICEUSE RADIALE	Lien prix	889.0		https://www.rems.de/sertissage-radial/sertisseuse-electrique-pour-sertissage-radial/rems-power-press-se.aspx	https://www.tbc-location.be/catalogue/plomberie-et-pompage/plomberie/sertisseuse-rothenberger	40.0	110.0	250.0	150.0					
BRICOLOC	CHALUMEAU	2.0	CHALUMEAU	Lien prix	196.0			https://www.boels.com/fr-be/louer/chalumeau-a-main/p/11809	22.0	45.0							
MACC	LUGE CHARIOT ELEVATEUR	1.0	CHARIOT		399.0		https://www.maccbenelux.be/fr/produits/luge/	/									
MASTER	B 3 ECA	1.0	CHAUFFAGE	Lien prix	109.0		https://lecot.be/fr-be/master/1371953-chauffage-electrique-master-b-3-eca	https://www.boels.com/fr-be/louer/chauffage-electrique-230v-3-kw/p/11305	32.0	64.0							
MASTER	XL6	1.0	CHAUFFAGE	Lien prix	1395.0												
REHEAT	B3000	1.0	CHAUFFAGE	Lien prix	59.0		https://www.hbm-machines.com/fr/p/chauffe-eau-electrique-reheat-b3000	https://www.boels.com/fr-be/louer/chauffage-electrique-230v-3-kw/p/11305	32.0	64.0							
SENCYS	RADIATEUR SOUFFLANT	2.0	CHAUFFAGE	Lien prix	65.0		https://www.brico.be/fr/salle-de-bain-cuisine-interieur/chauffage/chauffage-mobile/chauffage-ceramiques-soufflants/radiateur-soufflant-sencys-3kw/10088881	/									
EUROM	HKG 10 BE	1.0	CHAUFFAGE GAZ	Lien prix	129.0		https://eurom.nl/fr/product/chauffage/radiateurs-a-gaz/hkg-10/	/									
EUROM	HKG 15 BE	1.0	CHAUFFAGE GAZ	Lien prix	149.0		https://eurom.nl/fr/product/chauffage/radiateurs-a-gaz/hkg-15/	/									
MASTER	XL61	2.0	CHAUFFAGE GAZ	Lien prix	980.0		https://www.danthermgroup.com/en-gb/products/master-xl-61	/									
BRICOLOC	RESSORT CINTREUSE TOUTES DIMENSIONS	1.0	CINTREUSE MANUELLE	Lien prix	20.0		https://comap.aalberts-hfc.com/fr/catalog/systemes-de-connexion/outillage-et-accessoires/outillage/mb36-ressort-de-cintrage-interne-multicouche/mb3610/groups/g+c+p+a+nr+view	/									
BRICOLOC	GRIFFE + PLAQUE CINTRAGE BARRE DE FER	1.0	CINTREUSE MANUELLE	Lien prix	25.0		https://www.cipac.be/solid-cintreuse-a-couder-pour-fer-a-beton-cap-16-mm-ex-ka-20650-pm-320650-pm-320650-nl-117303?pt-o=pa&	/									
GEBERIT	CINTREUSE APLEX MEOLA PUSHFIT D16 32	1.0	CINTREUSE	Lien prix	878.0		https://catalog.geberit.be/fr-BE/Cintreuse-hydraulique-Geberit,-dans-coffre/PRO_103617.html	/									
ROTHENBERGER	N3 100 168	1.0	CINTREUSE MANUELLE		69.0			/									
ROTHENBERGER	CINTREUSE MANUELLE CUIVRE 15 MM	2.0	CINTREUSE MANUELLE		19.0			/									
ROTHENBERGER	CINTREUSE MANUELLE CUIVRE 18 MM	1.0	CINTREUSE MANUELLE		19.0			/									
ROTHENBERGER	CINTREUSE MANUELLE CUIVRE 20 MM	1.0	CINTREUSE MANUELLE		19.0			/									
ROTHENBERGER	CINTREUSE MANUELLE CUIVRE 22 MM	1.0	CINTREUSE MANUELLE		19.0			/									
ROTHENBERGER	CINTREUSE MANUELLE CUIVRE 10 MM	1.0	CINTREUSE MANUELLE		19.0			/									
ROTHENBERGER	CINTREUSE MANUELLE CUIVRE 13 MM	1.0	CINTREUSE MANUELLE		19.0			/									
ROTHENBERGER	CINTREUSE MANUELLE CUIVRE 12 MM	1.0	CINTREUSE MANUELLE		19.0			f									
HILTI	GX100	1.0	CLOUEUR A GAZ		99.0		https://www.hilti.gr/medias/sys_master/documents/h53/hc3/9545288744990/Operating-Instruction-GX-100-01-Operating-Instruction-PUB-5069869-000.pdf	/									
MAKITA	GN900SE	1.0	CLOUEUR A GAZ	Lien prix	569.0		https://www.makita.be/produit/gn900se.html	/									
PASLODE	FN1850,2	2.0	CLOUEUR PNEUMATIQUE	Lien prix	295.0		https://www.spitpaslode.be/fr/Clouage-et-agrafage-pneumatique-bois-sur-bois/Clouage-de-finition/FN18502_pBX_195590sharp0.htm	/									
RAPID	AIRTAC PB131	1.0	CLOUEUR PNEUMATIQUE	Lien prix	105.0		https://www.rapid.com/fr-be/products/rapid-tools/clouage/cloueur-pneumatique-pro-pb131-de-rapid/	/									
MAKITA	DBN500RTJ	1.0	CLOUEUSE BATTERIE	Lien prix	615.0		https://www.makita.be/produit/dbn500rtj.html	/									
HITACHI	NT65M2	1.0	CLOUEUSE PNEUMATIQUE	Lien prix	240.0		https://www.rotopino.be/cloueuse-pneumatique-hitachi-nt65m2-l2,42916	/									
BRICOLOC	COFFRET DE CHANTIER	1.0	COFFRET CHANTIER	Lien prix	492.0		https://fr.fixami.be/keraf-ke27-1-coffret-de-distribution-caoutchouc-230-400v.html?gclid=CjwKCAjw9pGjBhB-EiwAa5jl3ElYCejuirdzWBLtGzIrZHBsjY5DlfPeKZyobeywLW0-IaZFWItNkBoCHHAQAvD_BwE	/									
AIRPRESS	LMO 5-240 bar	1.0	COMPRESSEUR	Lien prix	629.0		https://fr.airpress.be/compresseur-lmo-5-240-10-bar-1-5-cv-192l-min-6-l-36575	/									
HITACHI	COMPRESSEUR	1.0	COMPRESSEUR		180.0		https://www.troostwijkauctions.com/fr/compresseur-d%E2%80%99air/03-45411-34469-8966551/	/									
BATTIPAV	SUPER PRO 450	1.0	COUPE CARRELAGE	Lien prix	265.0		https://battipav.com/en/product/super-pro-450/	/									
BATTIPAV	SUPER PRO 750	1.0	COUPE CARRELAGE	Lien prix	360.0		https://battipav.com/en/product/super-pro-750/	/									
PRODIAXIO	DX200	1.0	COUPE CARRELAGE	Lien prix	439.0		https://www.crespin.be/fr/catalog/prodiaxo-dxm8550000-coupe-carrelages-dx-200~363f9a23-cbba-849f-a0b6-39e22201f30b	/									
MASTERPIUMA	125.0	1.0	COUPE CARRELAGE	Lien prix	779.0		https://www.rotopino.be/coupe-carreaux-carrelages-montolit-masterpiuma-125p3,120637?origin=prodlisting&gad=1&gclid=Cj0KCQjwmtGjBhDhARIsAEqfDEf1IMNyP4pBqzEbVSYoz0LqQ-65znU8ehsYW4E6idmINE8JEdWvPcYaAnZYEALw_wcB	https://www.boels.com/fr-be/louer/coupe-carreaux-120-cm/p/17147	57.0	141.0							
BOSCH	PTC 640	1.0	COUPE CARRELAGE	Lien prix	208.0		https://www.bosch-diy.com/be/fr/p/ptc-640-0603b04400	/									
ALTREX	CROCHET DE FAITE	2.0	CROCHET DE FAITE	Lien prix	245.0		https://altrex.com/be/fr/produits/accessoire/crochet-de-faite	/									
BRICOLOC	FURET 5M	1.0	DEBOUCHEUR	Lien prix	8.0		https://www.farmitoo.com/fr/equipement-de-l-exploitation/nettoyant-industriel/toolland-furet-oe-7-mm-5-m-p178341	/									
EARLEX	STEAM MASTER	1.0	DETAPISSEUSE	Lien prix	580.0		https://hertstools.co.uk/product/wallpaper-stripper-hire/	https://www.abloc.be/produit/detapisseuse-electrique/	13.0	52.0		100.0					
DEWALT	D26204K	1.0	DEFONCEUSE	Lien prix	359.0		https://www.dewalt.be/fr/produit/d26204k-qs/defonceuse-et-affleureuse-o8mm-900w	/									
MAKITA	RP2300FCX1	1.0	DEFONCEUSE	Lien prix	499.0		https://www.makita.be/produit/rp2302fcxj.html	/									
LESCHA	LDH 300	1.0	DESHUMIDIFACTEUR	Lien prix	786.0		https://altrad-benelux.be/fr/produits/deshumidificateurs/lescha-ldh-300	/									
REMKO	AMT 80 E	1.0	DESHUMIDIFACTEUR	Lien prix	2799.0		https://www.remko.de/index.php?eID=dumpFile&t=f&f=737183&token=abfbc8c649a5316c5eea96f8c71d6e926c937afa	/									
BOSCH	GMS 120	1.0	DETECTEUR	Lien prix	125.0		https://www.bosch-professional.com/be/fr/products/gms-120-0601081000	/									
ELIX	CABLE TRACKER EM415T	1.0	DETECTEUR	Lien prix	42.0		https://www.elimex.com/DimashopLocalFiles/Pdf/15141.pdf	/									
DEWALT	1-70-324 – DIABLE	1.0	DIABLE	Lien prix	285.0		https://www.dewalt.be/fr/produit/1-70-324/chariot-roulettes-toughsystemtm-dscarrier	/									
MAKITA	TROLLEY MAKPAC – TR00000001	1.0	DIABLE	Lien prix	105.0		https://www.makita.be/produit/tr00000001.html	/									
ALTREX	RS TOWER 52	1.0	ECHAFAUDAGE	Lien prix	7200.0		https://altrex.com/be/fr/produits/echafaudages/assortiment/rstower51-echafaudage-roulant-etroit	/									
BRICOLOC	ECHELLE MULTIPAN	3.0	ECHELLE	Lien prix	410.0			/									
ALTREX	ECHELLE DE TOIT 3M	2.0	ECHELLE DE TOIT	Lien prix	290.0		https://altrex.com/be/fr/produits/echelles/assortiment/echelle-de-toit	/									
ALTREX	ECHELLE DE TOIT 2M	1.0	ECHELLE DE TOIT	Lien prix	204.0		https://altrex.com/be/fr/produits/echelles/assortiment/echelle-de-toit	/									
BRENNENSTUHL	RALLONGE 2,5mm x 40M	1.0	ENROULEUR DE CABLE	Lien prix	129.0		https://www.brennenstuhl.be/fr-BE/produits/enrouleurs-de-cable/enrouleur-de-cable-industrie-chantiers-brobusta-ip44-40m-h07rn-f-3g2-5-fr	/									
TURFMASTER	EPENDEUR ENGRAIS	1.0	EPANDEUR	Lien prix	189.0		https://www.chassart.com/shop/epandeur-d-engrais-a-pousser-turfmaster-21397#attr=30003	/									
PIHER	P4 ETAI 200-375	2.0	ETAI	Lien prix	49.0		https://www.piher.com/fr/etai-top/122-etaitop.html	/									
BRICOLOC	ETANCON 1M	5.0	ETANCON		39.0		https://www.locamat.be/machines/machines-74/store-4/cat-7/Etai_%C3%A9tan%C3%A7on_Locamat.html	/									
BRICOLOC	ETANCON 2M	10.0	ETANCON		49.0		https://www.locamat.be/machines/machines-74/store-4/cat-7/Etai_%C3%A9tan%C3%A7on_Locamat.html	/									
CARAT	JEU DE FORET + GUIDE DE CENTRAGE	1.0	FORET CARRELAGE	Lien prix	155.0		https://www.carat-tools.com/be-fr/content/jeu-de-couronnes-pour-tous-materiaux-abrasifs-economy-0	/									
MAKITA	EG6050A	1.0	GROUPE ELECTROGENE ESSENCE	Lien prix	1785.0		https://www.modesdemploi.fr/makita/eg6050a/mode-d-emploi?p=2	/									
SDMO	HX300	1.0	GROUPE ELECTROGENE ESSENCE	Lien prix	1099.0		https://www.kohler-sdmo.com/FR/Produits/Groupes-electrogenes-portables/IN/HX-3000-C5	/									
SECURX	HARNAIS	2.0	HARNAIS SECUTRITE	Lien prix	39.0		https://ftp.prof-praxis.be/Website/SECURX/	/									
ABAC	AIR TOOL KIT	1.0	KIT OUTILLAGE	Lien prix	169.0		https://www.amazon.fr/Abac-8973005156-Herr-Neumaticas-Tool-Pi%C3%A8ces/dp/B00LBV00SO	/									
BOSCH	GEL 3 80 p	1.0	LASER	Lien prix	339.0		https://www.bosch-professional.com/be/fr/products/gll-3-80-0601063S00	/									
DEWALT	DW079	1.0	LASER		599.0		https://www.dewalt.ca/fr/produit/dw079ki/laser-dinterieur-autoniveleur-xrpmc-sans-cordon-18-v?tid=	/									
FUTECH	LINE TRACKER MULTICROSS 3D	2.0	LASER	Lien prix	549.0		https://www.futech-tools.com/fr-be/p/028.3DG/multicross-3d-brave	/									
STANLEY	SLL360	5.0	LASER	Lien prix	189.0		https://www.stanleyoutillage.fr/produit/stht1-77137/niveau-laser-automatique-360deg-sll360-trepied	/									
MONDELIN	LEVPANO 1	1.0	LEVE PANNEAU	Lien prix	1125.0		https://mondelin.fr/produits/-outils-plaquiste/leve-plaque-platre/levpano-i_513000	/									
BRICOLOC	LIEUR AUTOMATIQUE PRO	1.0	LIEUR AUTOMATIQUE	Lien prix	25.0		https://www.edma.fr/fr/paysagiste/3476-tornado-lieur-automatique-pour-liens-mtalliques--boucles-3476060004550.html	/									
SECURX	SECUR-STOP 6M	1.0	LONGE	Lien prix	279.0		https://www.logemat.be/secur-stop-tr06-avec-6-m-de-corde-pes-kevlar-sx-102442?	/									
HITACHI	H41MB	1.0	MARTEAU DE DEMOLITION	Lien prix	389.0		https://www.rotopino.be/marteau-de-demolition-hitachi-h41mb-ws,38846	/									
ATIKA	RL 1600 G	1.0	MELANGEUR	Lien prix	129.0		https://www.altrad-onlineshop.eu/be/marchandise-neuve/atika/appareils-d-agitation/7026/atika-rl-1600-g-melangeur-a-main-pour-mortier-melangeur-a-main-230v-1600w	/									
FLEX	MX02	1.0	MELANGEUR	Lien prix	259.0		https://www.flex-tools.com/fr-be/produits/melangeurs/mxe-1202-wr2-140	/									
HIKOKI	UM 16VST2	2.0	MELANGEUR	Lien prix	188.0		https://fr.hikoki-powertools.be/machines/outillage-electriques/melangeurs/melangeurs/um16vst2uaz/	/									
BOSCH	GWS 880	1.0	MEULEUSE	Lien prix	72.0		https://www.bosch-professional.com/be/fr/products/gws-880-060139600A	/									
FLEX	SE 14-2 125 Set	1.0	MEULEUSE	Lien prix	760.0		https://www.flex-tools.com/fr-be/produits/meuleuses/ponceuses-rotatives/se-14-2-125-set	/									
FLEX	L 1001	1.0	MEULEUSE	Lien prix	112.0		https://www.tecniba.be/shop/meuleuses-electriques-3161/24733-flex-meuleuse-dangle-125mm-1010w-l-1001--438340-flx00061-4030293190788.html	/									
HITACHI	G23SW2	1.0	MEULEUSE	Lien prix	121.0		https://www.rotopino.be/meuleuse-d-angle-hitachi-g23sw2-w7,56894	/									
HITACHI	G23SW	1.0	MEULEUSE	Lien prix	121.0		https://www.master-outillage.com/hikoki/21100-meuleuse-diametre-230-mm-2200-w-6600-trsmn-g23sw-hitachi-4966376199327.html	/									
MAKITA	DGA506	1.0	MEULEUSE	Lien prix	369.0		https://www.makita.be/produit/dga506rtj.html	/									
MAKITA	GA5040RKDJ	1.0	MEULEUSE	Lien prix	180.0		https://www.makita.be/produit/ga5040rkdj.html	/									
MAKITA	GA9030R	1.0	MEULEUSE	Lien prix	214.0		https://www.makita.be/produit/ga9030rf01.html	/									
MAKITA	GA9020R	2.0	MEULEUSE	Lien prix	135.0		https://www.makita.be/produit/ga9020rf.html	/									
MAKITA	9558HN	1.0	MEULEUSE	Lien prix	99.0		https://www.makita.be/produit/9558hnrgz.html	/									
MILWAUKEE	AGV 22-230 E	2.0	MEULEUSE	Lien prix	190.0		https://www.milwaukeetool.eu/en-eu/2200-w-angle-grinder-with-avs/agv-22/	/									
RUBI	PRO EDGER	1.0	MEULEUSE CARRELAGE	Lien prix	444.0		https://www.rubi.com/fr/rubi-pro-edger-r807	/									
GEBERIT	MANCHONEUSE KSS-160	1.0	MIROIR A SOUDER	Lien prix	399.0		https://catalog.geberit.be/fr-BE/Miroir-%C3%A0-souder-Geberit-KSS-160-230-V/PRO_2155125.html	/									
KARCHER	HDS790	1.0	NETTOYEUR HAUTE PRESSION	Lien prix	990.0		http://www.myjkiuzywane.pl/en/goracowodna-myjka-cisnieniowa-karcher-hds-995,3,15411,33979	/									
DREMEL	200.0	1.0	OUTIL MULTI USAGE	Lien prix	120.0		https://www.dremel.com/be/fr/p/dremel-200-series-f0130200ja	/									
DREMEL	3000.0	1.0	OUTIL MULTI USAGE	Lien prix	85.0		https://www.dremel.com/be/fr/p/dremel-3000-f0133000ju	/									
BOSCH	GOP 300 SCE	1.0	OUTIL MULTIFONCTION	Lien prix	139.0		https://fr.fixami.be/bosch-gop-300-sce-outil-multifonctions-dans-l-boxx-300w-0601230501.html	/									
MAKITA	DTM 51	1.0	OUTIL MULTIFONCTION	Lien prix	280.0		https://www.makita.be/produit/dtm51z.html	/									
MAKITA	TM3010CX3J	1.0	OUTIL MULTIFONCTION	Lien prix	269.0		https://www.makita.be/produit/tm3010cx3j.html	/									
UNICRAFT	ESW 800	1.0	PALAN	Lien prix	569.0		https://www.optimachines.com/palans-treuils-et-crochets/12825-appareil-de-levage-unicraft-palan-electrique-esw-800.html	/									
AGP	PM039	1.0	PEINTURE	Lien prix	5199.0		https://www.agp-powertools.com/products/pm039	/									
GRACO	GX 21	1.0	PEINTURE	Lien prix	1225.0		https://www.graco.com/fr/fr/contractor/product/17h218.html	/									
MAKITA	DDA351	1.0	PERCEUSE ANGLE	Lien prix	197.0		https://www.makita.be/produit/dda351rtj.html	/									
DEWALT	DCD996	1.0	PERCEUSE-VISSEUSE	Lien prix	166.0		https://www.dewalt.be/fr/produit/dcd996nt-xj/perceuse-visseuse-percussion-premium-xrp-18v-brushless-sans-batterie-ni-chargeur-coffret-tstak?tid=	/									
HITACHI	DS18DBSL	1.0	PERCEUSE-VISSEUSE	Lien prix	389.0		https://www.rotopino.be/perceuse-visseuse-hitachi-ds18dbsl-wp,69768	/									
MAKITA	HR2470FT	1.0	PERFO-BURINEUR	Lien prix	230.0		https://www.makita.be/produit/hr2470ftp.html	/									
MAKITA	DHR243 + DX02	1.0	PERFO-BURINEUR	Lien prix	514.0		https://www.makita.be/produit/dhr243rtjw.html	/									
MAKITA	DHR243	1.0	PERFO-BURINEUR	Lien prix	260.0		https://www.makita.be/produit/dhr243rtj.html	/									
HILTI	TE 1	1.0	PERFORATEUR	Lien prix	279.0		https://www.hilti.be/fr/c/CLS_POWER_TOOLS_7124/CLS_ROTARY_HAMMERS_SDSPLUS_7124/CLS_CORDED_ROTARY_HAMMERS_SDSPLUS_7124/r321	/									
ELEMENT	R0 SCELL IT PINCE RIVET	1.0	PINCE A RIVET	Lien prix	67.0			/									
BRICOLOC	PULVERISATEUR VERT HVLP	1.0	PISOLET PEINTURE	Lien prix	49.0		https://fr.shopping.rakuten.com/offer/buy/6382028874/tempsa-hvlp-pistolet-a-peinture-pulverisateur-600cc-pot-3-buse-1-4mm-1-7mm-2mm.html	/									
STEINEL	HL1910E	1.0	PISTOLET A AIR CHAUD	Lien prix	124.0		https://www.steinel-france.fr/fr/outillage/produits/decapeurs-thermiques/decapeurs-thermiques/decapeurs-thermiques-forme-pistolet/hl-1920-e-352103.html	/									
CARPOINT	POLISSEUSE	1.0	POLISSEUSE	Lien prix	105.0		https://www.auto5.be/fr/p/polisseuse-d-angle-230-v-1200-w-carpoint-403861.html	/									
M-TEC	M300+	1.0	POMPE A MORTIER	Lien prix	10599.0		https://m-tec.com/construction-site-equipment/machines/mixing-pumps/m330/	/									
FLOTEC	VIP 130/6	1.0	POMPE VIDAGE	Lien prix	249.0		https://www.anchorpumps.com/flotec-vip-vort-180-6-auto-1-1-4-light-duty-submersible-drainage-pump-with-floatswitch-240v	/									
FESTOOL	RTS400 EG PLUS	1.0	PONCEUSE	Lien prix	424.0		https://www.festool.be/produits/ponceuses/ponceuses-vibrantes-pour-pon%C3%A7age-fin/576057---rts-400-req-plus	/									
METABO	FMS200 INTEC	1.0	PONCEUSE	Lien prix	79.0		https://www.metabo.com/be/fr/machines/tronconner-poncer-fraiser/travail-du-bois/ponceuses-triangulaires/fms-200-intec-600065500-ponceuse-multifonctions.html?listtype=search&searchparam=FMS%2B200%2BINTEC	/									
DEWALT	DWE6411	2.0	PONCEUSE	Lien prix	129.0		https://www.dewalt.be/fr/produit/dwe6411-qs/ponceuse-vibrante-230w-14-feuille	/									
MAKITA	BO6050J	1.0	PONCEUSE	Lien prix	329.0		https://www.makita.be/produit/bo6050j.html	/									
AEG	HBS 100	1.0	PONCEUSE A BANDE	Lien prix	232.0		https://www.modesdemploi.fr/aeg/hbs-100/mode-d-emploi?p=2	/									
HITACHI	SB10V2	1.0	PONCEUSE BANDE	Lien prix	260.0		https://www.rotopino.be/ponceuse-a-bande-hitachi-sb10v2-wa,4088	/									
MAKITA	DBO180ZJ	1.0	PONCEUSE EXCENTRIQUE	Lien prix	119.0		https://www.makita.be/produit/dbo180zj.html	/									
FLEX	GE 5 R	1.0	PONCEUSE GIRAFE	Lien prix	899.0		http://www.flex-electroportatif.fr/programme-ponceuses-a-bras/1188-ge-5r-3700492928970.html	/									
METABO	LSV 5-225	1.0	PONCEUSE GIRAFE	Lien prix	899.0		https://www.metabo.com/be/fr/machines/tronconner-poncer-fraiser/beton-pierre-enduit/ponceuses-a-bras/lsv-5-225-comfort-600136000-ponceuse-a-bras.html	/									
STANLEY	FATMAX	1.0	PONCEUSE GIRAFE	Lien prix	199.0		https://www.stanleyworks.be/fr/produit/sfmee500s-qs/750w-ponceuse-telescopique-en-softbag	/									
KLINDEX	LEVIGHETOR 600/200	1.0	PONCEUSE PARQUET/BETON	Lien prix	3990.0		https://www.klindex.it/levighetor600-p-1.html?language=fr	/									
METABO	DSE300 INTEC	1.0	PONCEUSE TRIANGULAIRE	Lien prix	189.0		https://www.metabo.com/be/fr/machines/tronconner-poncer-fraiser/travail-du-bois/ponceuses-triangulaires/dse-300-intec-600311900-ponceuse-triangulaire.html	/									
AGP	PULVERIATEUR HVLP T328	1.0	PULVERISATEUR PEINTURE	Lien prix	739.0		https://www.agp-powertools.com/products/t328	/									
GRAKO	ULTRAMAX AIRLESS PORTATIF	1.0	PULVERISATEUR PEINTURE	Lien prix	1300.0		https://www.graco.com/fr/fr/contractor/product/17p258.html	/									
MAKITA	KP0800J	1.0	RABOT	Lien prix	200.0		https://www.makita.be/produit/kp0800j.html	/									
MAKITA	KP0810CJ	1.0	RABOT	Lien prix	318.0		https://www.makita.be/produit/kp0810cj.html	/									
MITOOLS	RACAGNAC	1.0	RACAGNAC PRO	Lien prix	99.0		http://www.mitools.com.tw/products-detail.php?cid=29&id=57	/									
STANLEY	ST 23 240 E	1.0	RADIATEUR SOUFFLANT	Lien prix	79.0		https://www.hubo.be/fr/p/radiateur-soufflant-st-23-240-e/794853/	/									
MAKITA	DMR108	1.0	RADIO DE CHANTIER	Lien prix	184.0		https://www.makita.be/produit/mr004gz.html	/									
EIBENSTOCK	RAIL 1,5M	1.0	RAIL	Lien prix	110.0		https://www.eibenstock.com/en/products/power-tools/accessories/accessories-sawing-cutting-slitting/accessories-diamond-saws/guide-rail-with-2-screw-clamps	/									
MAFFEL	RAIL 30M (POUR MT55CC)	1.0	RAIL	Lien prix	119.0		https://produkte.mafell.de/fr/accessoires/regle-de-guidage-f-310-longueur-3-1-m	/									
EIBENSTOCK	EMF 150,1	1.0	RAINUREUSE	Lien prix	674.0		https://www.eibenstock.com/en/products/power-tools/sawing-cutting-slitting/wall-chaser/wall-chaser-emf-150	/									
TOOLLAND	TM76087	1.0	RAINUREUSE		79.0		https://www.velleman.eu/products/view?id=425896&country=be&lang=fr	/									
BRICOLOC	RILES DIFFERENTES TAILLES	5.0	REGLE		15.0		https://www.cipac.be/premium-alu-regle-en-aluminium-100-x-18-5-x-1-2-mm-100-cm-qa-600100-qa-600100-nl-116595?#details	/									
SUPERKANTE	REGLE DE COUPE PAPIER PEINT	1.0	REGLE DE COUPE	Lien prix	11.0		https://www.castorama.fr/regle-de-coupe-superkante-l-15-3-x-p-5-1-x-h-65-7-cm/3342010024285_CAFR.prd	/									
ALTREX	REMORQUE ECHAFAUDAGE DE LUXE	1.0	REMORQUE ECHAFAUDAGE	Lien prix	3765.0		https://altrex.com/be/fr/produits/accessoire/remorque-echafaudage-de-luxe	/									
REMS	56004 SCIE TIGRE	1.0	SCIE	Lien prix	659.0		https://www.rems.de/scier/scie-sabre-electrique-universelle/rems-cat-anc-ve.aspx	/									
METABO	KS216 M LASERCUT	1.0	SCIE A ONGLET	Lien prix	159.0		https://www.metabo.com/be/fr/machines/sciage/scies-a-onglets-et-radiales/ks-216-m-lasercut-619216000-scie-a-onglets.html?listtype=search&searchparam=ks%2B216%2Bm%2Blasercut	/									
METABO	KGS216M	1.0	SCIE A ONGLET	Lien prix	239.0		https://www.metabo.com/be/fr/machines/sciage/scies-a-onglets-et-radiales/kgs-216-m-619260000-scie-a-onglets.html?listtype=search&searchparam=Kgs%2B216%2Bm	/									
DEWALT	DWE576	1.0	SCIE CIRCULAIRE	Lien prix	205.0		https://www.dewalt.fr/produit/dwe576k-qs/scie-circulaire-1600w-190mm-61mm-coffret	/									
EIBENSTOCK	EDS125	2.0	SCIE DIAMANT	Lien prix	275.0		https://www.eibenstock.com/en/products/power-tools/sawing-cutting-slitting/diamond-saws/diamond-saw-eds-125-nass-und-trockenschnitt	/									
BRICOLOC	SCIE ISOLATION MANUELLE	1.0	SCIE MANUELLE	Lien prix	29.0		https://www.bahco.com/fr_fr/scie-isolante-pour-laine-minerale--laine-de-roche--laine-ecologique-et-styrexr-pb_pc-22-ins_.html	/									
METABO	KS 216 M	1.0	SCIE ONGLET	Lien prix	159.0		https://www.metabo.com/be/fr/machines/sciage/scies-a-onglets-et-radiales/ks-216-m-lasercut-619216000-scie-a-onglets.html	/									
METABO	KGS 216 M	1.0	SCIE ONGLET	Lien prix	239.0		https://www.metabo.com/be/fr/machines/sciage/scies-a-onglets-et-radiales/kgs-216-m-set-690827000-scie-a-onglets.html	/									
MAKITA	2414NB	1.0	SCIE ONGLET METAL	Lien prix	338.0		https://www.rotopino.be/scie-a-coupe-d-onglet-a-metaux-makita-2414nb,1492	/									
MAFFEL	MT55CC	1.0	SCIE PLONGEANTE	Lien prix	700.0		https://produkte.mafell.de/fr/scier/scie-plongeante/scie-plongeante-mt-55-cc	/									
MAKITA	DJR188	1.0	SCIE RECIPRO	Lien prix	190.0		https://www.makita.be/produit/djr188rtj.html	/									
MAKITA	DJR183	1.0	SCIE RECIPRO	Lien prix	99.0		https://www.makita.be/produit/djr183rtj.html	/									
DEWALT	DWE305PK	1.0	SCIE SABRE	Lien prix	180.0		https://www.dewalt.be/fr/produit/dwe305pk-qs/1100-watt-scie-sabre	/									
BOSCH	GST 90 E	1.0	SCIE SAUTEUSE	Lien prix	175.0		https://www.bosch-professional.com/be/fr/products/gst-90-e-060158G000	/									
MAKITA	DJV181ZJ	1.0	SCIE SAUTEUSE	Lien prix	199.0		https://www.makita.be/produit/djv181z.html	/									
HUSQVARNA	TS100R	1.0	SCIE SUR TABLE	Lien prix	2750.0		https://www.husqvarnaconstruction.com/be-fr/scies-sur-table-et-de-carrelage/ts100r/	/									
HUSQVARNA	TS73R	1.0	SCIE SUR TABLE	Lien prix	1080.0		https://www.husqvarnaconstruction.com/be-fr/scies-sur-table-et-de-carrelage/ts73r/	/									
NOVLEK	SERRE LAME	1.0	SERRE LAME TERRASSE	Lien prix	259.0		https://novlek.com/produit/serre-lames/	/									
BRICOLOC	SERRE JOINT GRAND FORMAT	10.0	SERRE-JOINT		35.0			/									
ROTHENBERGER	ROTO070669E	2.0	SET PORTE FILIERE	Lien prix	114.0		https://www.manomano.fr/p/rothenberger-industrial-supercut-premium-set-de-filire--4-ttes-de-filetage--070669e--33186518	/									
GEBERIT	ESG-40/200	1.0	SOUDEUSE ELECTRIQUE	Lien prix	749.0		https://catalog.geberit.be/fr-BE/Appareil-%C3%A0-souder-%C3%A9lectrique-Geberit-ESG-230-V/PRO_330104.html	/									
NUPI	R63TFE SOUDEUSE NIRON	1.0	SOUDEUSE NIRON	Lien prix	675.0			/									
STIHL	HS45	1.0	TAILLE HAIE THERMIQUE	Lien prix	319.0		https://www.stihl.be/fr/p/taille-haies-taille-haies-sur-perche-hs-45-12832	/									
STIGA	REMORQUE BASCULANTE	1.0	TONDEUSE REMORQUE	Lien prix	209.0		https://www.ma-versand.de/fr/remorque-basculable-capacite-180kg-adaptable-pour-stiga/a-6357954	/									
MCCULLOGH	M46 125 R	1.0	TONDEUSE THERMIQUE	Lien prix	419.0		https://www.mr-bricolage.fr/tondeuse-thermique-tractee-mcculloch-m46-125r-125cc-46cm.html	/									
STIGA	NJNS 92 HYDRO	1.0	TONDEUSE THERMIQUE	Lien prix	4699.0		https://www.stiga.com/be_fr/2t0780481-st1p-estate-792.html	/									
STIHL	MS171	1.0	TRONCONEUSE THERMIQUE	Lien prix	295.0		https://www.stihl.be/fr/p/tronconneuses-ms-171-1305	/									
MAKITA	DCF300	1.0	VENTILATEUR	Lien prix	149.0		https://www.makita.be/produit/dcf301z.html	/									
ABFLUSSREINIGER	VENTOUSE WC	1.0	VENTOUSE	Lien prix	13.9		https://www.aquacleanconcept.com/deboucheurs/143-deboucheur-pompe-manuel-efficace-evier-toilette-5410616430002.html	/									
DEWALT	DCF887	1.0	VISSEUSE CHOC	Lien prix	169.0		https://www.dewalt.be/fr/produit/dcf887nt-xj/18v-xr-brushless-visseuse-chocs-en-coffret-tstak-sans-accuchargeur	/									
MAKITA	DTD153	3.0	VISSEUSE CHOC	Lien prix	207.0		https://www.makita.be/produit/dtd153t1j.html	/									
MAKITA	DHP481	1.0	VISSEUSE PERCUSSION	Lien prix	179.0		https://www.makita.be/produit/dhp486rt3j.html	/									
																	
																	
				VALEUR TOTALE													
																	
																	
																	
																	
																	
																	
																	
																	
																	
																	
																	
																	
																	
																	
																	
																	
																	
																	
																	
																	
																	
																	
																	
																	
																	
																	
																	
																	
																	
																	
																	
																	
																	
																	
																	
																	
																	
																	
																	
																	
																	
																	
																	
																	
																	
																	
																	
																	
																	
																	
																	
																	
																	
																	
																	
																	
																	
																	
																	
																	
																	
																	
																	
																	
																	
																	
																	
																	
																	
																	
																	
																	
																	
																	
																	
																	
																	
																	
																	
																	
																	
																	
																	
																	
																	
																	
																	
																	
																	
																	
																	
																	
																	
																	
																	
																	
																	
																	
																	
																	
																	
																	
																	
																	
																	
																	
																	
																	
																	
																	
																	
																	
																	
																	
																	
																	
																	
																	
																	
																	
																	
																	
																	
																	
																	
																	
																	
																	
																	
																	
																	
																	
																	
																	
																	
																	
																	
																	
																	
																	
																	
																	
																	
																	
																	
																	
																	
																	
																	
																	
																	
																	
																	
																	
																	
																	
																	
																	
																	
																	
																	
																	
																	
																	
																	
																	
																	
																	
																	
																	
																	
																	
																	
																	
																	
																	
																	
																	
																	
																	
																	
																	
																	
																	
																	
																	
																	
																	
																	
																	
																	
																	
																	
																	
																	
																	
																	
																	
																	
																	
																	
																	
																	
																	
																	
																	
																	
																	
																	
																	
																	
																	
																	
																	
																	
																	
																	
																	
																	
																	
																	
																	
																	
																	
																	
																	
																	
																	
																	
																	
																	
																	
																	
																	
																	
																	
																	
																	
																	
																	
																	
																	
																	
																	
																	
																	
																	
																	
																	
																	
																	
																	
																	
																	
																	
																	
																	
																	
																	
																	
																	
																	
																	
																	
																	
																	
																	
																	
																	
																	
																	
																	
																	
																	
																	
																	
																	
																	
																	
																	
																	
																	
																	
																	
																	
																	
																	
																	
																	
																	
																	
																	
																	
																	
																	
																	
																	
																	
																	
																	
																	
																	
																	
																	
																	
																	
																	
																	
																	
																	
																	
																	
																	
																	
																	
																	
																	
																	
																	
																	
																	
																	
																	
																	
																	
																	
																	
																	
																	
																	
																	
																	
																	
																	
																	
																	
																	
																	
																	
																	
																	
																	
																	
																	
																	
																	
																	
																	
																	
																	
																	
																	
																	
																	
																	
																	
																	
																	
																	
																	
																	
																	
																	
																	
																	
																	
																	
																	
																	
																	
																	
																	
																	
																	
																	
																	
																	
																	
																	
																	
																	
																	
																	
																	
																	
																	
																	
																	
																	
																	
																	
																	
																	
																	
																	
																	
																	
																	
																	
																	
																	
																	
																	
																	
																	
																	
																	
																	
																	
																	
																	
																	
																	
																	
																	
																	
																	
																	
																	
																	
																	
																	
																	
																	
																	
																	
																	
																	
																	
																	
																	
																	
																	
																	
																	
																	
																	
																	
																	
																	
																	
																	
																	
																	
																	
																	
																	
																	
																	
																	
																	
																	
																	
																	
																	
																	
																	
																	
																	
																	
																	
																	
																	
																	
																	
																	
																	
																	
																	
																	
																	
																	
																	
																	
																	
																	
																	
																	
																	
																	
																	
																	
																	
																	
																	
																	
																	
																	
																	
																	
																	
																	
																	
																	
																	
																	
																	
																	
																	
																	
																	
																	
																	
																	
																	
																	
																	
																	
																	
																	
																	
																	
																	
																	
																	
																	
																	
																	
																	
																	
																	
																	
																	
																	
																	
																	
																	
																	
																	
																	
																	
																	
																	
																	
																	
																	
																	
																	
																	
																	
																	
																	
																	
																	
																	
																	
																	
																	
																	
																	
																	
																	
																	
																	
																	
																	
																	
																	
																	
																	
																	
																	
																	
																	
																	
																	
																	
																	
																	
																	
																	
																	
																	
																	
																	
																	
																	
																	
																	
																	
																	
																	
																	
																	
																	
																	
																	
																	
																	
																	
																	
																	
																	
																	
																	
																	
																	
																	
																	
																	
																	
																	
																	
																	
																	
																	
																	
																	
																	
																	
																	
																	
																	
																	
																	
																	
																	
																	
																	
																	
																	
																	
																	
																	
																	
																	
																	
																	
																	
																	
																	
																	
																	
																	
																	
																	
																	
																	
																	
																	
																	
																	
																	
																	
																	
																	
																	
																	
																	
																	
																	
																	
																	
																	
																	
																	
																	
																	
																	
																	
																	
																	
																	
																	
																	
																	
																	
																	
																	
																	
																	
																	
																	
																	
																	
																	
																	
																	
																	
																	
																	
																	
																	
																	
																	
																	
																	
																	
																	
																	
																	
																	
																	
																	
																	
																	
																	
																	
																	
																	
																	
																	
																	
																	
																	
																	
																	
																	
																	
																	
																	
																	
																	
																	
																	
																	
																	
																	
																	
																	
																	
																	
																	
																	
																	
																	
																	
																	
																	
																	
																	
																	
																	
																	
																	
																	
																	
																	
																	
																	
																	
																	
																	
																	
																	
																	
																	
																	
																	
																	
																	
																	
																	
																	
																	
																	
																	
																	
																	
																	
																	
																	
																	
																	
																	
																	
																	
																	
																	
																	
																	
																	
																	
																	
																	
																	
																	
																	
																	
																	
																	
																	
																	
																	
																	
																	
																	
																	
																	
																	
																	
																	
																	
																	
																	
																	
																	
																	
																	
																	
																	
																	
																	
																	
																	
																	
																	
																	
																	
																	
																	
																	
																	